Workbook
Name \a: #N/A
Name \c: #N/A
Name \d: #REF!
Name \f: #REF!
Name \q: #N/A
Name \r: #N/A
Name \s: #N/A
Name A: #REF!
Name b: #REF!
Name code1: #REF!
Name code2: #REF!
Name d: #REF!
Name ddd: #REF!
Name df: #REF!
Name ee: [2]일위대가!#REF!
Name k: #N/A
Name PRINT_AREA_MI: #N/A
Name PRINT_TITLES_MI: #REF!
Name q: #REF!
Name rlr: #REF!
Name s: #N/A
Name w: #REF!
Name x: #REF!
Name XX: #REF!
Name 공사명: '[3]내역서-토목'!#REF!
Name 기: #N/A
Name 내: #N/A
Name 내선전공: #REF!
Name 내역1: #REF!
Name 내역2: #REF!
Name 낵역4: #REF!
Name 노임: [4]노임단가!$B$1:$C$131
Name 단가: #REF!
Name 단가다: #REF!
Name 단가비교표2: #REF!
Name 단가임: #REF!
Name ㅁㅁㅁ: #REF!
Name 모니터: #REF!
Name 밧데리: #REF!
Name 보통인부: #REF!
Name 소방일위대가: [5]노무비!$B$5
Name 운반산출: #REF!
Name 원가계산: #REF!
Name 일위대가: [5]노무비!$B$2
Name 정류기: #REF!
Name 제경비율: #REF!
Name 지주: #N/A
Name 프랜트전공: #REF!
Name 프린터: #REF!
Name ㅗ호: #N/A

Sheet 공종별집계표
A1: 공 종 별 집 계 표
A2: [ 한국정보통신공사협회 제주특별자치도 회관 신축공사 ]
A3: 품 명 | B3: 규 격 | C3: 단위 | D3: 수량 | E3: 재 료 비 | G3: 노 무 비 | I3: 경 비 | K3: 합 계 | M3: 비 고 | N3: 공종코드 | O3: 변수 | P3: 상위공종 | Q3: 공종구분 | R3: 공종레벨 | S3: 공종소계 | T3: 원가계산서 연결금액
E4: 단 가 | F4: 금 액 | G4: 단 가 | H4: 금 액 | I4: 단 가 | J4: 금 액 | K4: 단 가 | L4: 금 액
A5: 01 한국정보통신공사협회 제주특별자치도 회관 신축공사 | D5: 1 | E5: =F6+F35+F41 -> 871751659 | F5: =E5*D5 -> 871751659 | G5: =H6+H35+H41 -> 364781324 | H5: =G5*D5 -> 364781324 | I5: =J6+J35+J41 -> 41583379 | J5: =I5*D5 -> 41583379 | K5: =E5+G5+I5 -> 1278116362 | L5: =F5+H5+J5 -> 1278116362 | N5: 01 | R5: 1
A6: 0101 ▼ 건축공사 ▼ | D6: 1 | E6: =F7+F8+F9+F10+F11+F12+F13+F14+F15+F16+F17+F18+F19+F20+F21+F22+F23+F24+F25+F26+F27+F28+F29+F30 -> 692729132 | F6: =E6*D6 -> 692729132 | G6: =H7+H8+H9+H10+H11+H12+H13+H14+H15+H16+H17+H18+H19+H20+H21+H22+H23+H24+H25+H26+H27+H28+H29+H30 -> 338029381 | H6: =G6*D6 -> 338029381 | I6: =J7+J8+J9+J10+J11+J12+J13+J14+J15+J16+J17+J18+J19+J20+J21+J22+J23+J24+J25+J26+J27+J28+J29+J30 -> 37131789 | J6: =I6*D6 -> 37131789 | K6: =E6+G6+I6 -> 1067890302 | L6: =F6+H6+J6 -> 1067890302 | N6: 0101 | P6: 01 | R6: 2
A7: 010101 공통 가설 공사 | D7: 1 | E7: =[1]공종별내역서!F27 -> 0 | F7: =E7*D7 -> 0 | G7: =[1]공종별내역서!H27 -> 0 | H7: =G7*D7 -> 0 | I7: =[1]공종별내역서!J27 -> 10169428 | J7: =I7*D7 -> 10169428 | K7: =E7+G7+I7 -> 10169428 | L7: =F7+H7+J7 -> 10169428 | N7: 010101 | P7: 0101 | R7: 3
A8: 010102 가 설 공 사 | D8: 1 | E8: =[1]공종별내역서!F50 -> 19382175 | F8: =E8*D8 -> 19382175 | G8: =[1]공종별내역서!H50 -> 32954542 | H8: =G8*D8 -> 32954542 | I8: =[1]공종별내역서!J50 -> 308544 | J8: =I8*D8 -> 308544 | K8: =E8+G8+I8 -> 52645261 | L8: =F8+H8+J8 -> 52645261 | N8: 010102 | P8: 0101 | R8: 3
A9: 010103 토 및 지정공사 | D9: 1 | E9: =[1]공종별내역서!F73 -> 2043376 | F9: =E9*D9 -> 2043376 | G9: =[1]공종별내역서!H73 -> 1765806 | H9: =G9*D9 -> 1765806 | I9: =[1]공종별내역서!J73 -> 1622277 | J9: =I9*D9 -> 1622277 | K9: =E9+G9+I9 -> 5431459 | L9: =F9+H9+J9 -> 5431459 | N9: 010103 | P9: 0101 | R9: 3
A10: 010104 철근콘크리트공사 | D10: 1 | E10: =[1]공종별내역서!F119 -> 262335976 | F10: =E10*D10 -> 262335976 | G10: =[1]공종별내역서!H119 -> 127543473 | H10: =G10*D10 -> 127543473 | I10: =[1]공종별내역서!J119 -> 8225750 | J10: =I10*D10 -> 8225750 | K10: =E10+G10+I10 -> 398105199 | L10: =F10+H10+J10 -> 398105199 | N10: 010104 | P10: 0101 | R10: 3
A11: 010105 조 적 공 사 | D11: 1 | E11: =[1]공종별내역서!F142 -> 954396 | F11: =E11*D11 -> 954396 | G11: =[1]공종별내역서!H142 -> 2252996 | H11: =G11*D11 -> 2252996 | I11: =[1]공종별내역서!J142 -> 35479 | J11: =I11*D11 -> 35479 | K11: =E11+G11+I11 -> 3242871 | L11: =F11+H11+J11 -> 3242871 | N11: 010105 | P11: 0101 | R11: 3
A12: 010106 돌 공 사 | D12: 1 | E12: =[1]공종별내역서!F165 -> 78691117 | F12: =E12*D12 -> 78691117 | G12: =[1]공종별내역서!H165 -> 65862468 | H12: =G12*D12 -> 65862468 | I12: =[1]공종별내역서!J165 -> 1879689 | J12: =I12*D12 -> 1879689 | K12: =E12+G12+I12 -> 146433274 | L12: =F12+H12+J12 -> 146433274 | N12: 010106 | P12: 0101 | R12: 3
A13: 010107 타 일 공 사 | D13: 1 | E13: =[1]공종별내역서!F188 -> 19581641 | F13: =E13*D13 -> 19581641 | G13: =[1]공종별내역서!H188 -> 18144801 | H13: =G13*D13 -> 18144801 | I13: =[1]공종별내역서!J188 -> 451520 | J13: =I13*D13 -> 451520 | K13: =E13+G13+I13 -> 38177962 | L13: =F13+H13+J13 -> 38177962 | N13: 010107 | P13: 0101 | R13: 3
A14: 010108 목공사및수장공사 | D14: 1 | E14: =[1]공종별내역서!F211 -> 70662143 | F14: =E14*D14 -> 70662143 | G14: =[1]공종별내역서!H211 -> 17135253 | H14: =G14*D14 -> 17135253 | I14: =[1]공종별내역서!J211 -> 275654 | J14: =I14*D14 -> 275654 | K14: =E14+G14+I14 -> 88073050 | L14: =F14+H14+J14 -> 88073050 | N14: 010108 | P14: 0101 | R14: 3
A15: 010109 방 수 공 사 | D15: 1 | E15: =[1]공종별내역서!F234 -> 13982936 | F15: =E15*D15 -> 13982936 | G15: =[1]공종별내역서!H234 -> 14490124 | H15: =G15*D15 -> 14490124 | I15: =[1]공종별내역서!J234 -> 358652 | J15: =I15*D15 -> 358652 | K15: =E15+G15+I15 -> 28831712 | L15: =F15+H15+J15 -> 28831712 | N15: 010109 | P15: 0101 | R15: 3
A16: 010110 지붕 및 홈통공사 | D16: 1 | E16: =[1]공종별내역서!F257 -> 3390559 | F16: =E16*D16 -> 3390559 | G16: =[1]공종별내역서!H257 -> 3098404 | H16: =G16*D16 -> 3098404 | I16: =[1]공종별내역서!J257 -> 0 | J16: =I16*D16 -> 0 | K16: =E16+G16+I16 -> 6488963 | L16: =F16+H16+J16 -> 6488963 | N16: 010110 | P16: 0101 | R16: 3
A17: 010111 금 속 공 사 | D17: 1 | E17: =[1]공종별내역서!F280 -> 48238363 | F17: =E17*D17 -> 48238363 | G17: =[1]공종별내역서!H280 -> 17694863 | H17: =G17*D17 -> 17694863 | I17: =[1]공종별내역서!J280 -> 612555 | J17: =I17*D17 -> 612555 | K17: =E17+G17+I17 -> 66545781 | L17: =F17+H17+J17 -> 66545781 | N17: 010111 | P17: 0101 | R17: 3
A18: 010112 미 장 공 사 | D18: 1 | E18: =[1]공종별내역서!F303 -> 3135430 | F18: =E18*D18 -> 3135430 | G18: =[1]공종별내역서!H303 -> 15926409 | H18: =G18*D18 -> 15926409 | I18: =[1]공종별내역서!J303 -> 273426 | J18: =I18*D18 -> 273426 | K18: =E18+G18+I18 -> 19335265 | L18: =F18+H18+J18 -> 19335265 | N18: 010112 | P18: 0101 | R18: 3
A19: 010113 창 호 공 사 | D19: 1 | E19: =[1]공종별내역서!F349 -> 65449170 | F19: =E19*D19 -> 65449170 | G19: =[1]공종별내역서!H349 -> 6948573 | H19: =G19*D19 -> 6948573 | I19: =[1]공종별내역서!J349 -> 2119733 | J19: =I19*D19 -> 2119733 | K19: =E19+G19+I19 -> 74517476 | L19: =F19+H19+J19 -> 74517476 | N19: 010113 | P19: 0101 | R19: 3
A20: 010114 유 리 공 사 | D20: 1 | E20: =[1]공종별내역서!F372 -> 23959872 | F20: =E20*D20 -> 23959872 | G20: =[1]공종별내역서!H372 -> 995252 | H20: =G20*D20 -> 995252 | I20: =[1]공종별내역서!J372 -> 87305 | J20: =I20*D20 -> 87305 | K20: =E20+G20+I20 -> 25042429 | L20: =F20+H20+J20 -> 25042429 | N20: 010114 | P20: 0101 | R20: 3
A21: 010115 칠 공 사 | D21: 1 | E21: =[1]공종별내역서!F395 -> 15430839 | F21: =E21*D21 -> 15430839 | G21: =[1]공종별내역서!H395 -> 5838022 | H21: =G21*D21 -> 5838022 | I21: =[1]공종별내역서!J395 -> 0 | J21: =I21*D21 -> 0 | K21: =E21+G21+I21 -> 21268861 | L21: =F21+H21+J21 -> 21268861 | N21: 010115 | P21: 0101 | R21: 3
A22: 010116 기 타 공 사 | D22: 1 | E22: =[1]공종별내역서!F418 -> 2715920 | F22: =E22*D22 -> 2715920 | G22: =[1]공종별내역서!H418 -> 393121 | H22: =G22*D22 -> 393121 | I22: =[1]공종별내역서!J418 -> 9274 | J22: =I22*D22 -> 9274 | K22: =E22+G22+I22 -> 3118315 | L22: =F22+H22+J22 -> 3118315 | N22: 010116 | P22: 0101 | R22: 3
A23: 010117 간 판 공 사 | D23: 1 | E23: =[1]공종별내역서!F441 -> 3251630 | F23: =E23*D23 -> 3251630 | G23: =[1]공종별내역서!H441 -> 440600 | H23: =G23*D23 -> 440600 | I23: =[1]공종별내역서!J441 -> 440600 | J23: =I23*D23 -> 440600 | K23: =E23+G23+I23 -> 4132830 | L23: =F23+H23+J23 -> 4132830 | N23: 010117 | P23: 0101 | R23: 3
A24: 010118 조 경 공 사 | D24: 1 | E24: =[1]공종별내역서!F464 -> 6012534 | F24: =E24*D24 -> 6012534 | G24: =[1]공종별내역서!H464 -> 544674 | H24: =G24*D24 -> 544674 | I24: =[1]공종별내역서!J464 -> 44440 | J24: =I24*D24 -> 44440 | K24: =E24+G24+I24 -> 6601648 | L24: =F24+H24+J24 -> 6601648 | N24: 010118 | P24: 0101 | R24: 3
A25: 010119 장애인편의시설 | D25: 1 | E25: =[1]공종별내역서!F487 -> 431788 | F25: =E25*D25 -> 431788 | G25: =[1]공종별내역서!H487 -> 0 | H25: =G25*D25 -> 0 | I25: =[1]공종별내역서!J487 -> 0 | J25: =I25*D25 -> 0 | K25: =E25+G25+I25 -> 431788 | L25: =F25+H25+J25 -> 431788 | N25: 010119 | P25: 0101 | R25: 3
A26: 010120 판 넬 공 사 | D26: 1 | E26: =[1]공종별내역서!F510 -> 24424117 | F26: =E26*D26 -> 24424117 | G26: =[1]공종별내역서!H510 -> 0 | H26: =G26*D26 -> 0 | I26: =[1]공종별내역서!J510 -> 0 | J26: =I26*D26 -> 0 | K26: =E26+G26+I26 -> 24424117 | L26: =F26+H26+J26 -> 24424117 | N26: 010120 | P26: 0101 | R26: 3
A27: 010121 지반보강공사 | D27: 1 | E27: =[1]공종별내역서!F533 -> 4000000 | F27: =E27*D27 -> 4000000 | G27: =[1]공종별내역서!H533 -> 6000000 | H27: =G27*D27 -> 6000000 | I27: =[1]공종별내역서!J533 -> 10000000 | J27: =I27*D27 -> 10000000 | K27: =E27+G27+I27 -> 20000000 | L27: =F27+H27+J27 -> 20000000 | N27: 010121 | P27: 0101 | R27: 3
A28: 010122 골 재 비 | D28: 1 | E28: =[1]공종별내역서!F556 -> 11655150 | F28: =E28*D28 -> 11655150 | G28: =[1]공종별내역서!H556 -> 0 | H28: =G28*D28 -> 0 | I28: =[1]공종별내역서!J556 -> 0 | J28: =I28*D28 -> 0 | K28: =E28+G28+I28 -> 11655150 | L28: =F28+H28+J28 -> 11655150 | N28: 010122 | P28: 0101 | R28: 3
A29: 010123 철 거 공 사 | D29: 1 | E29: =[1]공종별내역서!F579 -> 13000000 | F29: =E29*D29 -> 13000000 | G29: =[1]공종별내역서!H579 -> 0 | H29: =G29*D29 -> 0 | I29: =[1]공종별내역서!J579 -> 0 | J29: =I29*D29 -> 0 | K29: =E29+G29+I29 -> 13000000 | L29: =F29+H29+J29 -> 13000000 | N29: 010123 | P29: 0101 | R29: 3
A30: 010124 건설폐기물상차비 | B30: 환경관리비 | D30: 1 | E30: =[1]공종별내역서!F602 -> 0 | F30: =E30*D30 -> 0 | G30: =[1]공종별내역서!H602 -> 0 | H30: =G30*D30 -> 0 | I30: =[1]공종별내역서!J602 -> 217463 | J30: =I30*D30 -> 217463 | K30: =E30+G30+I30 -> 217463 | L30: =F30+H30+J30 -> 217463 | N30: 010124 | P30: 0101 | R30: 3
A31: 0102 철 거 고 재 | B31: 기존건물 철거공사 | D31: 1 | E31: =[1]공종별내역서!F625 -> -500000 | F31: =E31*D31 -> -500000 | G31: =[1]공종별내역서!H625 -> 0 | H31: =G31*D31 -> 0 | I31: =[1]공종별내역서!J625 -> 0 | J31: =I31*D31 -> 0 | K31: =E31+G31+I31 -> -500000 | L31: =F31+H31+J31 -> -500000 | N31: 0102 | Q31: A | R31: 2 | T31: =L31*1 -> -500000
A32: 0103 작 업 부 산 물 | D32: 1 | E32: =[1]공종별내역서!F648 -> -672531 | F32: =E32*D32 -> -672531 | G32: =[1]공종별내역서!H648 -> 0 | H32: =G32*D32 -> 0 | I32: =[1]공종별내역서!J648 -> 0 | J32: =I32*D32 -> 0 | K32: =E32+G32+I32 -> -672531 | L32: =F32+H32+J32 -> -672531 | N32: 0103 | Q32: 1 | R32: 2 | T32: =L32*1 -> -672531
A33: 0104 품질관리비 | D33: 1 | E33: =[1]공종별내역서!F671 -> 0 | F33: =E33*D33 -> 0 | G33: =[1]공종별내역서!H671 -> 0 | H33: =G33*D33 -> 0 | I33: =[1]공종별내역서!J671 -> 1259352 | J33: =I33*D33 -> 1259352 | K33: =E33+G33+I33 -> 1259352 | L33: =F33+H33+J33 -> 1259352 | N33: 0104 | Q33: 4 | R33: 2 | T33: =L33*1 -> 1259352
A34: 0105 안전관리비 | D34: 1 | E34: =[1]공종별내역서!F694 -> 0 | F34: =E34*D34 -> 0 | G34: =[1]공종별내역서!H694 -> 0 | H34: =G34*D34 -> 0 | I34: =[1]공종별내역서!J694 -> 2731720 | J34: =I34*D34 -> 2731720 | K34: =E34+G34+I34 -> 2731720 | L34: =F34+H34+J34 -> 2731720 | N34: 0105 | Q34: 5 | R34: 2 | T34: =L34*1 -> 2731720
A35: 0106 ▼ 기계설비공사 ▼ | D35: 1 | E35: =F36+F37+F38+F39+F40 -> 130245519 | F35: =E35*D35 -> 130245519 | G35: =H36+H37+H38+H39+H40 -> 11769880 | H35: =G35*D35 -> 11769880 | I35: =J36+J37+J38+J39+J40 -> 440600 | J35: =I35*D35 -> 440600 | K35: =E35+G35+I35 -> 142455999 | L35: =F35+H35+J35 -> 142455999 | N35: 0106 | P35: 01 | R35: 2
A36: 010601 장비 및 위생기구 신설공사 | D36: 1 | E36: =[1]공종별내역서!F717 -> 24341463 | F36: =E36*D36 -> 24341463 | G36: =[1]공종별내역서!H717 -> 2215278 | H36: =G36*D36 -> 2215278 | I36: =[1]공종별내역서!J717 -> 440600 | J36: =I36*D36 -> 440600 | K36: =E36+G36+I36 -> 26997341 | L36: =F36+H36+J36 -> 26997341 | N36: 010601 | P36: 0106 | R36: 3
A37: 010602 급수, 급탕배관 신설공사 | D37: 1 | E37: =[1]공종별내역서!F809 -> 8521975 | F37: =E37*D37 -> 8521975 | G37: =[1]공종별내역서!H809 -> 4018927 | H37: =G37*D37 -> 4018927 | I37: =[1]공종별내역서!J809 -> 0 | J37: =I37*D37 -> 0 | K37: =E37+G37+I37 -> 12540902 | L37: =F37+H37+J37 -> 12540902 | N37: 010602 | P37: 0106 | R37: 3
A38: 010603 오, 배수배관 신설공사 | D38: 1 | E38: =[1]공종별내역서!F878 -> 3631914 | F38: =E38*D38 -> 3631914 | G38: =[1]공종별내역서!H878 -> 4706229 | H38: =G38*D38 -> 4706229 | I38: =[1]공종별내역서!J878 -> 0 | J38: =I38*D38 -> 0 | K38: =E38+G38+I38 -> 8338143 | L38: =F38+H38+J38 -> 8338143 | N38: 010603 | P38: 0106 | R38: 3
A39: 010604 환기배관 신설공사 | D39: 1 | E39: =[1]공종별내역서!F901 -> 464124 | F39: =E39*D39 -> 464124 | G39: =[1]공종별내역서!H901 -> 829446 | H39: =G39*D39 -> 829446 | I39: =[1]공종별내역서!J901 -> 0 | J39: =I39*D39 -> 0 | K39: =E39+G39+I39 -> 1293570 | L39: =F39+H39+J39 -> 1293570 | N39: 010604 | P39: 0106 | R39: 3
A40: 010605 냉난방기 신설공사 | D40: 1 | E40: =[1]공종별내역서!F947 -> 93286043 | F40: =E40*D40 -> 93286043 | G40: =[1]공종별내역서!H947 -> 0 | H40: =G40*D40 -> 0 | I40: =[1]공종별내역서!J947 -> 0 | J40: =I40*D40 -> 0 | K40: =E40+G40+I40 -> 93286043 | L40: =F40+H40+J40 -> 93286043 | N40: 010605 | P40: 0106 | R40: 3
A41: 0107 ▼ 토목공사 ▼ | D41: 1 | E41: =F42+F50+F56+F60+F63+F67+F71+F73 -> 48777008 | F41: =E41*D41 -> 48777008 | G41: =H42+H50+H56+H60+H63+H67+H71+H73 -> 14982063 | H41: =G41*D41 -> 14982063 | I41: =J42+J50+J56+J60+J63+J67+J71+J73 -> 4010990 | J41: =I41*D41 -> 4010990 | K41: =E41+G41+I41 -> 67770061 | L41: =F41+H41+J41 -> 67770061 | N41: 0107 | P41: 01 | R41: 2
A42: 010701 토공 | D42: 1 | E42: =F43+F44+F45+F46+F47+F48+F49 -> 1311047 | F42: =E42*D42 -> 1311047 | G42: =H43+H44+H45+H46+H47+H48+H49 -> 2499217 | H42: =G42*D42 -> 2499217 | I42: =J43+J44+J45+J46+J47+J48+J49 -> 1964910 | J42: =I42*D42 -> 1964910 | K42: =E42+G42+I42 -> 5775174 | L42: =F42+H42+J42 -> 5775174 | N42: 010701 | P42: 0107 | R42: 3
A43: 01070101 기존구조물깨기 | D43: 1 | E43: =[1]공종별내역서!F970 -> 125444 | F43: =E43*D43 -> 125444 | G43: =[1]공종별내역서!H970 -> 250256 | H43: =G43*D43 -> 250256 | I43: =[1]공종별내역서!J970 -> 215437 | J43: =I43*D43 -> 215437 | K43: =E43+G43+I43 -> 591137 | L43: =F43+H43+J43 -> 591137 | N43: 01070101 | P43: 010701 | R43: 4
A44: 01070102 기존포장깨기 | D44: 1 | E44: =[1]공종별내역서!F993 -> 762131 | F44: =E44*D44 -> 762131 | G44: =[1]공종별내역서!H993 -> 1549941 | H44: =G44*D44 -> 1549941 | I44: =[1]공종별내역서!J993 -> 1284000 | J44: =I44*D44 -> 1284000 | K44: =E44+G44+I44 -> 3596072 | L44: =F44+H44+J44 -> 3596072 | N44: 01070102 | P44: 010701 | R44: 4
A45: 01070103 안전휀스철거 | D45: 1 | E45: =[1]공종별내역서!F1016 -> 11040 | F45: =E45*D45 -> 11040 | G45: =[1]공종별내역서!H1016 -> 220032 | H45: =G45*D45 -> 220032 | I45: =[1]공종별내역서!J1016 -> 0 | J45: =I45*D45 -> 0 | K45: =E45+G45+I45 -> 231072 | L45: =F45+H45+J45 -> 231072 | N45: 01070103 | P45: 010701 | R45: 4
A46: 01070104 흙깎기 | D46: 1 | E46: =[1]공종별내역서!F1039 -> 23141 | F46: =E46*D46 -> 23141 | G46: =[1]공종별내역서!H1039 -> 34456 | H46: =G46*D46 -> 34456 | I46: =[1]공종별내역서!J1039 -> 31682 | J46: =I46*D46 -> 31682 | K46: =E46+G46+I46 -> 89279 | L46: =F46+H46+J46 -> 89279 | N46: 01070104 | P46: 010701 | R46: 4
A47: 01070105 흙쌓기 | D47: 1 | E47: =[1]공종별내역서!F1062 -> 13728 | F47: =E47*D47 -> 13728 | G47: =[1]공종별내역서!H1062 -> 20448 | H47: =G47*D47 -> 20448 | I47: =[1]공종별내역서!J1062 -> 18816 | J47: =I47*D47 -> 18816 | K47: =E47+G47+I47 -> 52992 | L47: =F47+H47+J47 -> 52992 | N47: 01070105 | P47: 010701 | R47: 4
A48: 01070106 사토운반 | D48: 1 | E48: =[1]공종별내역서!F1085 -> 183685 | F48: =E48*D48 -> 183685 | G48: =[1]공종별내역서!H1085 -> 138040 | H48: =G48*D48 -> 138040 | I48: =[1]공종별내역서!J1085 -> 151980 | J48: =I48*D48 -> 151980 | K48: =E48+G48+I48 -> 473705 | L48: =F48+H48+J48 -> 473705 | N48: 01070106 | P48: 010701 | R48: 4
A49: 01070107 건설폐기물 상차 | D49: 1 | E49: =[1]공종별내역서!F1108 -> 191878 | F49: =E49*D49 -> 191878 | G49: =[1]공종별내역서!H1108 -> 286044 | H49: =G49*D49 -> 286044 | I49: =[1]공종별내역서!J1108 -> 262995 | J49: =I49*D49 -> 262995 | K49: =E49+G49+I49 -> 740917 | L49: =F49+H49+J49 -> 740917 | N49: 01070107 | P49: 010701 | R49: 4
A50: 010702 우수공 | D50: 1 | E50: =F51+F52+F53+F54+F55 -> 1792323 | F50: =E50*D50 -> 1792323 | G50: =H51+H52+H53+H54+H55 -> 5395550 | H50: =G50*D50 -> 5395550 | I50: =J51+J52+J53+J54+J55 -> 671947 | J50: =I50*D50 -> 671947 | K50: =E50+G50+I50 -> 7859820 | L50: =F50+H50+J50 -> 7859820 | N50: 010702 | P50: 0107 | R50: 3
A51: 01070201 토공 | D51: 1 | E51: =[1]공종별내역서!F1131 -> 211840 | F51: =E51*D51 -> 211840 | G51: =[1]공종별내역서!H1131 -> 1395128 | H51: =G51*D51 -> 1395128 | I51: =[1]공종별내역서!J1131 -> 242912 | J51: =I51*D51 -> 242912 | K51: =E51+G51+I51 -> 1849880 | L51: =F51+H51+J51 -> 1849880 | N51: 01070201 | P51: 010702 | R51: 4
A52: 01070202 우수맨홀설치 | D52: 1 | E52: =[1]공종별내역서!F1154 -> 36409 | F52: =E52*D52 -> 36409 | G52: =[1]공종별내역서!H1154 -> 603212 | H52: =G52*D52 -> 603212 | I52: =[1]공종별내역서!J1154 -> 150259 | J52: =I52*D52 -> 150259 | K52: =E52+G52+I52 -> 789880 | L52: =F52+H52+J52 -> 789880 | N52: 01070202 | P52: 010702 | R52: 4
A53: 01070203 우수침투조 | D53: 1 | E53: =[1]공종별내역서!F1177 -> 899887 | F53: =E53*D53 -> 899887 | G53: =[1]공종별내역서!H1177 -> 1722257 | H53: =G53*D53 -> 1722257 | I53: =[1]공종별내역서!J1177 -> 19340 | J53: =I53*D53 -> 19340 | K53: =E53+G53+I53 -> 2641484 | L53: =F53+H53+J53 -> 2641484 | N53: 01070203 | P53: 010702 | R53: 4
A54: 01070204 배수관접합및부설 | D54: 1 | E54: =[1]공종별내역서!F1200 -> 192976 | F54: =E54*D54 -> 192976 | G54: =[1]공종별내역서!H1200 -> 756608 | H54: =G54*D54 -> 756608 | I54: =[1]공종별내역서!J1200 -> 254980 | J54: =I54*D54 -> 254980 | K54: =E54+G54+I54 -> 1204564 | L54: =F54+H54+J54 -> 1204564 | N54: 01070204 | P54: 010702 | R54: 4
A55: 01070205 우수받이설치 | D55: 1 | E55: =[1]공종별내역서!F1223 -> 451211 | F55: =E55*D55 -> 451211 | G55: =[1]공종별내역서!H1223 -> 918345 | H55: =G55*D55 -> 918345 | I55: =[1]공종별내역서!J1223 -> 4456 | J55: =I55*D55 -> 4456 | K55: =E55+G55+I55 -> 1374012 | L55: =F55+H55+J55 -> 1374012 | N55: 01070205 | P55: 010702 | R55: 4
A56: 010703 오수공 | D56: 1 | E56: =F57+F58+F59 -> 11916 | F56: =E56*D56 -> 11916 | G56: =H57+H58+H59 -> 142272 | H56: =G56*D56 -> 142272 | I56: =J57+J58+J59 -> 12528 | J56: =I56*D56 -> 12528 | K56: =E56+G56+I56 -> 166716 | L56: =F56+H56+J56 -> 166716 | N56: 010703 | P56: 0107 | R56: 3
A57: 01070301 토공 | D57: 1 | E57: =[1]공종별내역서!F1246 -> 10660 | F57: =E57*D57 -> 10660 | G57: =[1]공종별내역서!H1246 -> 60292 | H57: =G57*D57 -> 60292 | I57: =[1]공종별내역서!J1246 -> 12072 | J57: =I57*D57 -> 12072 | K57: =E57+G57+I57 -> 83024 | L57: =F57+H57+J57 -> 83024 | N57: 01070301 | P57: 010703 | R57: 4
A58: 01070302 오수받이설치 | D58: 1 | E58: =[1]공종별내역서!F1269 -> 0 | F58: =E58*D58 -> 0 | G58: =[1]공종별내역서!H1269 -> 24498 | H58: =G58*D58 -> 24498 | I58: =[1]공종별내역서!J1269 -> 0 | J58: =I58*D58 -> 0 | K58: =E58+G58+I58 -> 24498 | L58: =F58+H58+J58 -> 24498 | N58: 01070302 | P58: 010703 | R58: 4
A59: 01070303 오수연결관 | D59: 1 | E59: =[1]공종별내역서!F1292 -> 1256 | F59: =E59*D59 -> 1256 | G59: =[1]공종별내역서!H1292 -> 57482 | H59: =G59*D59 -> 57482 | I59: =[1]공종별내역서!J1292 -> 456 | J59: =I59*D59 -> 456 | K59: =E59+G59+I59 -> 59194 | L59: =F59+H59+J59 -> 59194 | N59: 01070303 | P59: 010703 | R59: 4
A60: 010704 구조물공 | D60: 1 | E60: =F61+F62 -> 591533 | F60: =E60*D60 -> 591533 | G60: =H61+H62 -> 2036889 | H60: =G60*D60 -> 2036889 | I60: =J61+J62 -> 28832 | J60: =I60*D60 -> 28832 | K60: =E60+G60+I60 -> 2657254 | L60: =F60+H60+J60 -> 2657254 | N60: 010704 | P60: 0107 | R60: 3
A61: 01070401 돌담쌓기 | D61: 1 | E61: =[1]공종별내역서!F1315 -> 0 | F61: =E61*D61 -> 0 | G61: =[1]공종별내역서!H1315 -> 594282 | H61: =G61*D61 -> 594282 | I61: =[1]공종별내역서!J1315 -> 0 | J61: =I61*D61 -> 0 | K61: =E61+G61+I61 -> 594282 | L61: =F61+H61+J61 -> 594282 | N61: 01070401 | P61: 010704 | R61: 4
A62: 01070402 담장쌓기 | D62: 1 | E62: =[1]공종별내역서!F1338 -> 591533 | F62: =E62*D62 -> 591533 | G62: =[1]공종별내역서!H1338 -> 1442607 | H62: =G62*D62 -> 1442607 | I62: =[1]공종별내역서!J1338 -> 28832 | J62: =I62*D62 -> 28832 | K62: =E62+G62+I62 -> 2062972 | L62: =F62+H62+J62 -> 2062972 | N62: 01070402 | P62: 010704 | R62: 4
A63: 010705 포장공 | D63: 1 | E63: =F64+F65+F66 -> 2299032 | F63: =E63*D63 -> 2299032 | G63: =H64+H65+H66 -> 4495188 | H63: =G63*D63 -> 4495188 | I63: =J64+J65+J66 -> 1326662 | J63: =I63*D63 -> 1326662 | K63: =E63+G63+I63 -> 8120882 | L63: =F63+H63+J63 -> 8120882 | N63: 010705 | P63: 0107 | R63: 3
A64: 01070501 아스콘포장 | D64: 1 | E64: =[1]공종별내역서!F1361 -> 454594 | F64: =E64*D64 -> 454594 | G64: =[1]공종별내역서!H1361 -> 1562946 | H64: =G64*D64 -> 1562946 | I64: =[1]공종별내역서!J1361 -> 673834 | J64: =I64*D64 -> 673834 | K64: =E64+G64+I64 -> 2691374 | L64: =F64+H64+J64 -> 2691374 | N64: 01070501 | P64: 010705 | R64: 4
A65: 01070502 보도포장 | D65: 1 | E65: =[1]공종별내역서!F1384 -> 695150 | F65: =E65*D65 -> 695150 | G65: =[1]공종별내역서!H1384 -> 1025581 | H65: =G65*D65 -> 1025581 | I65: =[1]공종별내역서!J1384 -> 236873 | J65: =I65*D65 -> 236873 | K65: =E65+G65+I65 -> 1957604 | L65: =F65+H65+J65 -> 1957604 | N65: 01070502 | P65: 010705 | R65: 4
A66: 01070503 경계석설치 | D66: 1 | E66: =[1]공종별내역서!F1407 -> 1149288 | F66: =E66*D66 -> 1149288 | G66: =[1]공종별내역서!H1407 -> 1906661 | H66: =G66*D66 -> 1906661 | I66: =[1]공종별내역서!J1407 -> 415955 | J66: =I66*D66 -> 415955 | K66: =E66+G66+I66 -> 3471904 | L66: =F66+H66+J66 -> 3471904 | N66: 01070503 | P66: 010705 | R66: 4
A67: 010706 안전시설공 | D67: 1 | E67: =F68+F69+F70 -> 75171 | F67: =E67*D67 -> 75171 | G67: =H68+H69+H70 -> 139513 | H67: =G67*D67 -> 139513 | I67: =J68+J69+J70 -> 6111 | J67: =I67*D67 -> 6111 | K67: =E67+G67+I67 -> 220795 | L67: =F67+H67+J67 -> 220795 | N67: 010706 | P67: 0107 | R67: 3
A68: 01070601 차선도색 | D68: 1 | E68: =[1]공종별내역서!F1430 -> 71421 | F68: =E68*D68 -> 71421 | G68: =[1]공종별내역서!H1430 -> 64638 | H68: =G68*D68 -> 64638 | I68: =[1]공종별내역서!J1430 -> 6111 | J68: =I68*D68 -> 6111 | K68: =E68+G68+I68 -> 142170 | L68: =F68+H68+J68 -> 142170 | N68: 01070601 | P68: 010706 | R68: 4
A69: 01070602 주차블럭 | D69: 1 | E69: =[1]공종별내역서!F1453 -> 3060 | F69: =E69*D69 -> 3060 | G69: =[1]공종별내역서!H1453 -> 61120 | H69: =G69*D69 -> 61120 | I69: =[1]공종별내역서!J1453 -> 0 | J69: =I69*D69 -> 0 | K69: =E69+G69+I69 -> 64180 | L69: =F69+H69+J69 -> 64180 | N69: 01070602 | P69: 010706 | R69: 4
A70: 01070603 차선규제봉 | D70: 1 | E70: =[1]공종별내역서!F1476 -> 690 | F70: =E70*D70 -> 690 | G70: =[1]공종별내역서!H1476 -> 13755 | H70: =G70*D70 -> 13755 | I70: =[1]공종별내역서!J1476 -> 0 | J70: =I70*D70 -> 0 | K70: =E70+G70+I70 -> 14445 | L70: =F70+H70+J70 -> 14445 | N70: 01070603 | P70: 010706 | R70: 4
A71: 010707 부대공 | D71: 1 | E71: =F72 -> 255610 | F71: =E71*D71 -> 255610 | G71: =H72 -> 273434 | H71: =G71*D71 -> 273434 | I71: =J72 -> 0 | J71: =I71*D71 -> 0 | K71: =E71+G71+I71 -> 529044 | L71: =F71+H71+J71 -> 529044 | N71: 010707 | P71: 0107 | R71: 3
A72: 01070701 공사안내표지판 | D72: 1 | E72: =[1]공종별내역서!F1499 -> 255610 | F72: =E72*D72 -> 255610 | G72: =[1]공종별내역서!H1499 -> 273434 | H72: =G72*D72 -> 273434 | I72: =[1]공종별내역서!J1499 -> 0 | J72: =I72*D72 -> 0 | K72: =E72+G72+I72 -> 529044 | L72: =F72+H72+J72 -> 529044 | N72: 01070701 | P72: 010707 | R72: 4
A73: 010708 사급자재대 | D73: 1 | E73: =[1]공종별내역서!F1545 -> 42440376 | F73: =E73*D73 -> 42440376 | G73: =[1]공종별내역서!H1545 -> 0 | H73: =G73*D73 -> 0 | I73: =[1]공종별내역서!J1545 -> 0 | J73: =I73*D73 -> 0 | K73: =E73+G73+I73 -> 42440376 | L73: =F73+H73+J73 -> 42440376 | N73: 010708 | P73: 0107 | R73: 3
A74: 010709 운반비 | D74: 1 | E74: =[1]공종별내역서!F1568 -> 0 | F74: =E74*D74 -> 0 | G74: =[1]공종별내역서!H1568 -> 0 | H74: =G74*D74 -> 0 | I74: =[1]공종별내역서!J1568 -> 3274119 | J74: =I74*D74 -> 3274119 | K74: =E74+G74+I74 -> 3274119 | L74: =F74+H74+J74 -> 3274119 | N74: 010709 | Q74: 2 | R74: 3 | T74: =L74*1 -> 3274119
A75: 0108 폐기물처리비 | D75: 1 | E75: =F76+F77+F78 -> 9650 | F75: =E75 -> 9650 | G75: =H76+H77+H78 -> 7720 | H75: =G75 -> 7720 | I75: =J76+J77+J78 -> 30577835 | J75: =I75 -> 30577835 | K75: =E75+G75+I75 -> 30595205 | L75: =F75+H75+J75 -> 30595205
A76: =[1]공종별내역서!A1569 -> 0101 ○ 건설폐기물처리비 | D76: 1 | E76: =[1]공종별내역서!E1591 -> 0 | F76: =[1]공종별내역서!F1591 -> 0 | G76: =[1]공종별내역서!G1591 -> 0 | H76: =[1]공종별내역서!H1591 -> 0 | I76: =[1]공종별내역서!I1591 -> 0 | J76: =[1]공종별내역서!J1591 -> 4285400 | K76: =[1]공종별내역서!K1591 -> 0 | L76: =[1]공종별내역서!L1591 -> 4285400
A77: =[1]공종별내역서!A1592 -> 0102 ○ 건설폐기물처리비 | D77: 1 | E77: =[1]공종별내역서!E1614 -> 0 | F77: =[1]공종별내역서!F1614 -> 0 | G77: =[1]공종별내역서!G1614 -> 0 | H77: =[1]공종별내역서!H1614 -> 0 | I77: =[1]공종별내역서!I1614 -> 0 | J77: =[1]공종별내역서!J1614 -> 12435000 | K77: =[1]공종별내역서!K1614 -> 0 | L77: =[1]공종별내역서!L1614 -> 12435000
A78: =[1]공종별내역서!A1615 -> 0103 ○ 건설폐기물처리비 | D78: 1 | E78: =[1]공종별내역서!E1637 -> 0 | F78: =[1]공종별내역서!F1637 -> 9650 | G78: =[1]공종별내역서!G1637 -> 0 | H78: =[1]공종별내역서!H1637 -> 7720 | I78: =[1]공종별내역서!I1637 -> 0 | J78: =[1]공종별내역서!J1637 -> 13857435 | K78: =[1]공종별내역서!K1637 -> 0 | L78: =[1]공종별내역서!L1637 -> 13874805
A96: [ 합 계 ] | F96: =F5 -> 871751659 | H96: =H5 -> 364781324 | J96: =J5 -> 41583379 | L96: =L5 -> 1278116362
